{
  "model_name": "idefics2_8b",
  "n_samples": 280,
  "risk_label_thr": 0.8,
  "coef_asr": {
    "intercept": -2.7974423760334965,
    "S": 5.636595358422246,
    "I": -0.21946377468303138,
    "SxI": 2.4145735229471468
  },
  "coef_risk": {
    "intercept": -3.3804204676414473,
    "S": 5.411911680090997,
    "I": -0.5901861663819716,
    "SxI": 1.9718300372052133
  },
  "coef_refusal": {
    "intercept": -0.8449665244564978,
    "S": -3.6497373228987176,
    "I": 2.1905544929028493,
    "SxI": -1.799421508611471
  },
  "ppl_stats_txtimg": {
    "has_ppl": true,
    "n": 278,
    "mean": 545.3519300580826,
    "std": 7608.249921085244,
    "min": 2.5848325245177817,
    "max": 126983.44228103259,
    "by_ASR": {
      "ASR=0": {
        "n": 100,
        "mean": 1435.1346849045929,
        "std": 12634.061197731266
      },
      "ASR=1": {
        "n": 178,
        "mean": 45.47397789712184,
        "std": 191.9728961827007
      }
    }
  }
}