{
  "model_name": "llava15_7b",
  "n_samples": 280,
  "risk_label_thr": 0.8,
  "coef_asr": {
    "intercept": -3.0087581171460287,
    "S": 5.780812881921356,
    "I": -0.4326238698199349,
    "SxI": 2.435489802967639
  },
  "coef_risk": {
    "intercept": -3.542505380421248,
    "S": 5.41061696600799,
    "I": -0.4310130630164827,
    "SxI": 2.2284104426596127
  },
  "coef_refusal": {
    "intercept": 0.31020684199867704,
    "S": -2.9792635359940762,
    "I": -0.6429801803235753,
    "SxI": -0.9687108257338174
  },
  "ppl_stats_txtimg": {
    "has_ppl": true,
    "n": 278,
    "mean": 526.3676319158873,
    "std": 4265.764590409856,
    "min": 2.987014168036137,
    "max": 60699.39689326563,
    "by_ASR": {
      "ASR=0": {
        "n": 122,
        "mean": 1156.2626436306548,
        "std": 6382.78183858087
      },
      "ASR=1": {
        "n": 156,
        "mean": 33.757430446646175,
        "std": 117.83722679962543
      }
    }
  }
}