{
  "global": {
    "N": 280,
    "D_mean": 0.8281141950881907,
    "D_std": 0.04921752807394322,
    "ASR": 0.6357142857142857,
    "Refusal": 0.19285714285714287,
    "Toxicity": 60.375,
    "PPL_N": 278,
    "PPL_mean": 545.3519300580826,
    "PPL_std": 7608.249921085243,
    "corr_D_ASR": 0.09793757665665556,
    "corr_D_Refusal": 0.14183047446533048,
    "corr_D_Toxicity": 0.08545263629419592,
    "corr_D_PPL": -0.009291018696276191
  },
  "D_quantiles": {
    "q33": 0.8019410371780396,
    "q66": 0.8469066619873047
  },
  "buckets": {
    "low": {
      "n": 93,
      "D_mean": 0.7736841978565339,
      "D_std": 0.01922680792762281,
      "ASR": 0.5913978494623656,
      "Refusal": 0.10752688172043011,
      "Toxicity": 56.666666666666664,
      "PPL_mean": 132.35921955232286,
      "PPL_std": 655.5209642640609,
      "PPL_N": 93
    },
    "mid": {
      "n": 92,
      "D_mean": 0.8248896389875723,
      "D_std": 0.012073274471146643,
      "ASR": 0.6195652173913043,
      "Refusal": 0.1956521739130435,
      "Toxicity": 59.78260869565217,
      "PPL_mean": 1430.9102666069707,
      "PPL_std": 13162.310983236186,
      "PPL_N": 92
    },
    "high": {
      "n": 95,
      "D_mean": 0.8845210256545167,
      "D_std": 0.023334530467917256,
      "ASR": 0.6947368421052632,
      "Refusal": 0.2736842105263158,
      "Toxicity": 64.57894736842105,
      "PPL_mean": 82.3084366660176,
      "PPL_std": 244.84582955384738,
      "PPL_N": 93
    }
  }
}