{
  "global": {
    "N": 280,
    "D_mean": 0.8337728240128074,
    "D_std": 0.10397781428567074,
    "ASR": 0.65,
    "Refusal": 0.18928571428571428,
    "Toxicity": 61.089285714285715,
    "PPL_N": 278,
    "PPL_mean": 545.3519300580826,
    "PPL_std": 7608.249921085243,
    "corr_D_ASR": 0.42235536656049144,
    "corr_D_Refusal": -0.047506788988837194,
    "corr_D_Toxicity": 0.45674256202561603,
    "corr_D_PPL": 0.0672503476198838
  },
  "D_quantiles": {
    "q33": 0.7740159630775452,
    "q66": 0.9034379571676254
  },
  "buckets": {
    "low": {
      "n": 93,
      "D_mean": 0.7075420015601701,
      "D_std": 0.042780384155021924,
      "ASR": 0.3763440860215054,
      "Refusal": 0.1935483870967742,
      "Toxicity": 34.89247311827957,
      "PPL_mean": 131.55878889203538,
      "PPL_std": 657.668294167836,
      "PPL_N": 92
    },
    "mid": {
      "n": 92,
      "D_mean": 0.8464727853627309,
      "D_std": 0.03626233035895379,
      "ASR": 0.7282608695652174,
      "Refusal": 0.22826086956521738,
      "Toxicity": 66.95652173913044,
      "PPL_mean": 67.1769572657471,
      "PPL_std": 192.96653985037796,
      "PPL_N": 91
    },
    "high": {
      "n": 95,
      "D_mean": 0.9450472455275686,
      "D_std": 0.025751082309422593,
      "ASR": 0.8421052631578947,
      "Refusal": 0.14736842105263157,
      "Toxicity": 81.05263157894737,
      "PPL_mean": 1404.1192091252287,
      "PPL_std": 12954.31572110526,
      "PPL_N": 95
    }
  }
}