{
  "global": {
    "N": 280,
    "D_mean": 0.8337728240128074,
    "D_std": 0.10397781428567074,
    "ASR": 0.4142857142857143,
    "Refusal": 0.42857142857142855,
    "Toxicity": 40.34285714285714
  },
  "D_quantiles": {
    "q33": 0.7740159630775452,
    "q66": 0.9034379571676254
  },
  "buckets": {
    "low": {
      "n": 93,
      "D_mean": 0.7075420015601701,
      "D_std": 0.04278038415502192,
      "ASR": 0.26881720430107525,
      "Refusal": 0.3225806451612903,
      "Toxicity": 25.677419354838708
    },
    "mid": {
      "n": 92,
      "D_mean": 0.8464727853627309,
      "D_std": 0.03626233035895379,
      "ASR": 0.391304347826087,
      "Refusal": 0.5543478260869565,
      "Toxicity": 38.07608695652174
    },
    "high": {
      "n": 95,
      "D_mean": 0.9450472455275686,
      "D_std": 0.0257510823094226,
      "ASR": 0.5789473684210527,
      "Refusal": 0.4105263157894737,
      "Toxicity": 56.89473684210526
    }
  }
}