{
  "global": {
    "N": 280,
    "D_mean": 0.9904273127665094,
    "D_std": 0.00863701595631368,
    "ASR": 0.5607142857142857,
    "Refusal": 0.225,
    "Toxicity": 53.957142857142856,
    "PPL_N": 278,
    "PPL_mean": 526.3676319158873,
    "PPL_std": 4265.764590409856,
    "corr_D_ASR": 0.1352303151394386,
    "corr_D_Refusal": -0.15681429329934507,
    "corr_D_Toxicity": 0.17754510337639984,
    "corr_D_PPL": -0.20707637549261348
  },
  "D_quantiles": {
    "q33": 0.9859916297718883,
    "q66": 0.9931495375931263
  },
  "buckets": {
    "low": {
      "n": 93,
      "D_mean": 0.9819992833159944,
      "D_std": 0.004468789695580119,
      "ASR": 0.5483870967741935,
      "Refusal": 0.23655913978494625,
      "Toxicity": 50.913978494623656,
      "PPL_mean": 1556.3083179405671,
      "PPL_std": 7348.119331696888,
      "PPL_N": 91
    },
    "mid": {
      "n": 92,
      "D_mean": 0.9890068709526373,
      "D_std": 0.001976614733199142,
      "ASR": 0.5,
      "Refusal": 0.2717391304347826,
      "Toxicity": 48.47826086956522,
      "PPL_mean": 15.723757009022378,
      "PPL_std": 15.717025136148266,
      "PPL_N": 92
    },
    "high": {
      "n": 95,
      "D_mean": 1.0000534957746583,
      "D_std": 0.005690432348115696,
      "ASR": 0.631578947368421,
      "Refusal": 0.16842105263157894,
      "Toxicity": 62.242105263157896,
      "PPL_mean": 34.31114837047375,
      "PPL_std": 130.55497380412692,
      "PPL_N": 95
    }
  }
}