{
  "thresholds": [
    0.0,
    0.01,
    0.02,
    0.03,
    0.04,
    0.05,
    0.06,
    0.07,
    0.08,
    0.09,
    0.1,
    0.11,
    0.12,
    0.13,
    0.14,
    0.15,
    0.16,
    0.17,
    0.18,
    0.19,
    0.2,
    0.21,
    0.22,
    0.23,
    0.24,
    0.25,
    0.26,
    0.27,
    0.28,
    0.29,
    0.3,
    0.31,
    0.32,
    0.33,
    0.34,
    0.35,
    0.36,
    0.37,
    0.38,
    0.39,
    0.4,
    0.41,
    0.42,
    0.43,
    0.44,
    0.45,
    0.46,
    0.47,
    0.48,
    0.49,
    0.5,
    0.51,
    0.52,
    0.53,
    0.54,
    0.55,
    0.56,
    0.57,
    0.58,
    0.59,
    0.6,
    0.61,
    0.62,
    0.63,
    0.64,
    0.65,
    0.66,
    0.67,
    0.68,
    0.69,
    0.7,
    0.71,
    0.72,
    0.73,
    0.74,
    0.75,
    0.76,
    0.77,
    0.78,
    0.79,
    0.8,
    0.81,
    0.82,
    0.83,
    0.84,
    0.85,
    0.86,
    0.87,
    0.88,
    0.89,
    0.9,
    0.91,
    0.92,
    0.93,
    0.94,
    0.95,
    0.96,
    0.97,
    0.98,
    0.99,
    1.0
  ],
  "frac_synergy_like": [
    0.0,
    0.0,
    0.09285714285714286,
    0.15357142857142858,
    0.14285714285714285,
    0.1392857142857143,
    0.11785714285714285,
    0.11428571428571428,
    0.09285714285714286,
    0.09285714285714286,
    0.1,
    0.10714285714285714,
    0.1,
    0.10714285714285714,
    0.10714285714285714,
    0.10357142857142858,
    0.09642857142857143,
    0.08571428571428572,
    0.08214285714285714,
    0.08571428571428572,
    0.08571428571428572,
    0.08214285714285714,
    0.08214285714285714,
    0.08214285714285714,
    0.08214285714285714,
    0.08214285714285714,
    0.08571428571428572,
    0.08571428571428572,
    0.08214285714285714,
    0.08214285714285714,
    0.08214285714285714,
    0.08214285714285714,
    0.08214285714285714,
    0.08214285714285714,
    0.08214285714285714,
    0.08214285714285714,
    0.08214285714285714,
    0.08214285714285714,
    0.07857142857142857,
    0.07857142857142857,
    0.08214285714285714,
    0.08214285714285714,
    0.08214285714285714,
    0.08214285714285714,
    0.08214285714285714,
    0.075,
    0.07142857142857142,
    0.075,
    0.075,
    0.07857142857142857,
    0.07857142857142857,
    0.07857142857142857,
    0.07857142857142857,
    0.075,
    0.075,
    0.075,
    0.075,
    0.075,
    0.06785714285714285,
    0.06785714285714285,
    0.06785714285714285,
    0.06785714285714285,
    0.060714285714285714,
    0.05714285714285714,
    0.05714285714285714,
    0.05714285714285714,
    0.05714285714285714,
    0.05,
    0.05,
    0.060714285714285714,
    0.060714285714285714,
    0.06428571428571428,
    0.06785714285714285,
    0.06785714285714285,
    0.06428571428571428,
    0.06785714285714285,
    0.06428571428571428,
    0.06428571428571428,
    0.06428571428571428,
    0.06428571428571428,
    0.060714285714285714,
    0.060714285714285714,
    0.060714285714285714,
    0.05714285714285714,
    0.04642857142857143,
    0.039285714285714285,
    0.03571428571428571,
    0.03571428571428571,
    0.02857142857142857,
    0.025,
    0.017857142857142856,
    0.0035714285714285713,
    0.0,
    0.0,
    0.0,
    0.0,
    0.0,
    0.0,
    0.0,
    0.0,
    0.0
  ],
  "frac_txtimg_only": [
    0.0,
    0.0,
    0.010714285714285714,
    0.05357142857142857,
    0.09285714285714286,
    0.09642857142857143,
    0.08214285714285714,
    0.08571428571428572,
    0.075,
    0.07857142857142857,
    0.08571428571428572,
    0.09285714285714286,
    0.08928571428571429,
    0.09642857142857143,
    0.09642857142857143,
    0.09285714285714286,
    0.08571428571428572,
    0.075,
    0.07142857142857142,
    0.075,
    0.075,
    0.07142857142857142,
    0.07142857142857142,
    0.07142857142857142,
    0.07142857142857142,
    0.07142857142857142,
    0.075,
    0.075,
    0.075,
    0.075,
    0.075,
    0.075,
    0.075,
    0.075,
    0.075,
    0.075,
    0.075,
    0.075,
    0.07142857142857142,
    0.07142857142857142,
    0.075,
    0.075,
    0.075,
    0.075,
    0.075,
    0.07142857142857142,
    0.06785714285714285,
    0.07142857142857142,
    0.07142857142857142,
    0.075,
    0.075,
    0.075,
    0.075,
    0.07142857142857142,
    0.07142857142857142,
    0.07142857142857142,
    0.07142857142857142,
    0.07142857142857142,
    0.06428571428571428,
    0.06428571428571428,
    0.06428571428571428,
    0.06428571428571428,
    0.05714285714285714,
    0.05357142857142857,
    0.05357142857142857,
    0.05714285714285714,
    0.05714285714285714,
    0.05,
    0.05,
    0.060714285714285714,
    0.060714285714285714,
    0.06428571428571428,
    0.06785714285714285,
    0.06785714285714285,
    0.06428571428571428,
    0.06785714285714285,
    0.06428571428571428,
    0.06428571428571428,
    0.06428571428571428,
    0.06428571428571428,
    0.060714285714285714,
    0.060714285714285714,
    0.060714285714285714,
    0.05714285714285714,
    0.04642857142857143,
    0.039285714285714285,
    0.03571428571428571,
    0.03571428571428571,
    0.02857142857142857,
    0.025,
    0.017857142857142856,
    0.0035714285714285713,
    0.0,
    0.0,
    0.0,
    0.0,
    0.0,
    0.0,
    0.0,
    0.0,
    0.0
  ],
  "mean_phi_synergy_like": [
    0.0,
    0.0,
    0.00807692307692307,
    0.04372093023255814,
    0.05275,
    0.06358974358974359,
    0.11272727272727272,
    0.1684375,
    0.22730769230769232,
    0.2580769230769231,
    0.2592857142857143,
    0.2776666666666667,
    0.3203571428571429,
    0.335,
    0.335,
    0.35000000000000003,
    0.37222222222222223,
    0.4054166666666667,
    0.4256521739130435,
    0.4091666666666667,
    0.4091666666666667,
    0.44565217391304346,
    0.44565217391304346,
    0.44565217391304346,
    0.44739130434782604,
    0.44739130434782604,
    0.4566666666666667,
    0.4566666666666667,
    0.4817391304347826,
    0.4817391304347826,
    0.4982608695652174,
    0.4982608695652174,
    0.4982608695652174,
    0.4982608695652174,
    0.5021739130434782,
    0.5021739130434782,
    0.5021739130434782,
    0.5021739130434782,
    0.5122727272727272,
    0.5122727272727272,
    0.4965217391304348,
    0.4965217391304348,
    0.4965217391304348,
    0.4965217391304348,
    0.4965217391304348,
    0.5480952380952381,
    0.561,
    0.5395238095238095,
    0.5404761904761904,
    0.524090909090909,
    0.524090909090909,
    0.524090909090909,
    0.524090909090909,
    0.54,
    0.54,
    0.5333333333333333,
    0.5333333333333333,
    0.5333333333333333,
    0.5815789473684211,
    0.5815789473684211,
    0.5815789473684211,
    0.5815789473684211,
    0.5870588235294117,
    0.591875,
    0.591875,
    0.591875,
    0.591875,
    0.5928571428571429,
    0.5907142857142856,
    0.5164705882352941,
    0.5164705882352941,
    0.49666666666666665,
    0.4789473684210526,
    0.4789473684210526,
    0.5,
    0.48,
    0.49166666666666664,
    0.49166666666666664,
    0.49166666666666664,
    0.49166666666666664,
    0.5129411764705882,
    0.5129411764705882,
    0.5129411764705882,
    0.508125,
    0.4915384615384616,
    0.4518181818181819,
    0.48200000000000004,
    0.48200000000000004,
    0.5675,
    0.53,
    0.664,
    0.88,
    0.0,
    0.0,
    0.0,
    0.0,
    0.0,
    0.0,
    0.0,
    0.0,
    0.0
  ],
  "phi_global": {
    "phi_mean": 0.0002499999999999988,
    "phi_std": 0.22858167108747557,
    "phi_min": -0.8099999999999999,
    "phi_max": 0.88
  }
}