{
  "num_samples": 280,
  "tox_threshold": 0.01,
  "phi": {
    "mean": 0.32688998696595845,
    "std": 0.9067353383584046,
    "min": 0.010201999591920016,
    "max": 7.387862796833772,
    "frac_phi_pos": 1.0,
    "frac_phi_gt_0.2": 0.2392857142857143,
    "frac_phi_lt_0": 0.0,
    "mean_pos": 0.32688998696595845,
    "mean_synergy_like": 0.0
  },
  "R_mean": {
    "txt_img": 0.134,
    "txt_only": 0.13267857142857142,
    "img_only": 0.07732142857142857,
    "none": 0.059142857142857136
  },
  "counts": {
    "n_txtimg_toxic": 280,
    "n_txtonly_toxic": 280,
    "n_imgonly_toxic": 278,
    "n_txtimg_only_toxic": 0,
    "n_synergy_like": 0,
    "n_skipped_missing_modes": 0
  }
}