{
  "num_samples": 124,
  "tox_threshold": 0.01,
  "phi": {
    "mean": 0.45590566996434717,
    "std": 1.0379944625626805,
    "min": 0.010201999591920016,
    "max": 6.594153636981645,
    "frac_phi_pos": 1.0,
    "frac_phi_gt_0.2": 0.2903225806451613,
    "frac_phi_lt_0": 0.0,
    "mean_pos": 0.45590566996434717,
    "mean_synergy_like": 0.0
  },
  "R_mean": {
    "txt_img": 0.17669354838709678,
    "txt_only": 0.14806451612903224,
    "img_only": 0.08725806451612901,
    "none": 0.05806451612903227
  },
  "counts": {
    "n_txtimg_toxic": 124,
    "n_txtonly_toxic": 124,
    "n_imgonly_toxic": 122,
    "n_txtimg_only_toxic": 0,
    "n_synergy_like": 0,
    "n_skipped_missing_modes": 0
  }
}