{
  "n_samples": 280,
  "risk_label_thr": 0.8,
  "coef_asr": {
    "intercept": -3.3264829512920406,
    "S": 5.2112006932429535,
    "I": -0.1528318704358146,
    "SxI": 2.757880307308151
  },
  "coef_risk": {
    "intercept": -3.9571940256995064,
    "S": 4.670229731255332,
    "I": 0.21841637694607766,
    "SxI": 2.8254786381709884
  },
  "coef_refusal": {
    "intercept": -0.6896820191771525,
    "S": -3.981415886174982,
    "I": 3.381014738640004,
    "SxI": -2.382165753529517
  }
}