{
  "n_samples": 280,
  "risk_label_thr": 0.8,
  "coef_asr": {
    "intercept": -2.7592446916019497,
    "S": 5.66390192186386,
    "I": -0.15278278857148753,
    "SxI": 2.417433945532742
  },
  "coef_risk": {
    "intercept": -3.544142389252707,
    "S": 5.376048474653225,
    "I": -0.41505116972506584,
    "SxI": 2.091493989750293
  },
  "coef_refusal": {
    "intercept": -0.7498671846459619,
    "S": -3.776147120326127,
    "I": 2.152925261256196,
    "SxI": -1.8429596276785862
  }
}