{
  "total_ids": 280,
  "asr_rate": {
    "txt_img": 0.5642857142857143,
    "txt_only": 0.5357142857142857,
    "img_only": 0.017857142857142856,
    "none": 0.0
  },
  "refusal_rate": {
    "txt_img": 0.225,
    "txt_only": 0.23214285714285715,
    "img_only": 0.05,
    "none": 0.02142857142857143
  },
  "tail_rate": {
    "txt_img": 0.5107142857142857,
    "txt_only": 0.4785714285714286,
    "img_only": 0.007142857142857143,
    "none": 0.0
  },
  "tail_hi": 0.8,
  "strict_synergy_asr_rate": 0.12857142857142856,
  "textdom_synergy_asr_rate": 0.1357142857142857,
  "synergy_type_counts": {
    "strict": 36,
    "textdom": 120,
    "imagedom": 2,
    "other": 122
  },
  "per_synergy_type": {
    "strict": {
      "n_ids": 36,
      "asr_rate": {
        "txt_img": 1.0,
        "txt_only": 0.0,
        "img_only": 0.0,
        "none": 0.0
      },
      "refusal_rate": {
        "txt_img": 0.0,
        "txt_only": 0.5277777777777778,
        "img_only": 0.16666666666666666,
        "none": 0.027777777777777776
      },
      "tail_rate": {
        "txt_img": 0.7777777777777778,
        "txt_only": 0.0,
        "img_only": 0.0,
        "none": 0.0
      }
    },
    "textdom": {
      "n_ids": 120,
      "asr_rate": {
        "txt_img": 1.0,
        "txt_only": 1.0,
        "img_only": 0.0,
        "none": 0.0
      },
      "refusal_rate": {
        "txt_img": 0.03333333333333333,
        "txt_only": 0.025,
        "img_only": 0.008333333333333333,
        "none": 0.008333333333333333
      },
      "tail_rate": {
        "txt_img": 0.9416666666666667,
        "txt_only": 0.925,
        "img_only": 0.0,
        "none": 0.0
      }
    },
    "imagedom": {
      "n_ids": 2,
      "asr_rate": {
        "txt_img": 1.0,
        "txt_only": 0.0,
        "img_only": 1.0,
        "none": 0.0
      },
      "refusal_rate": {
        "txt_img": 0.0,
        "txt_only": 1.0,
        "img_only": 0.0,
        "none": 0.0
      },
      "tail_rate": {
        "txt_img": 1.0,
        "txt_only": 0.0,
        "img_only": 0.5,
        "none": 0.0
      }
    },
    "other": {
      "n_ids": 122,
      "asr_rate": {
        "txt_img": 0.0,
        "txt_only": 0.2459016393442623,
        "img_only": 0.02459016393442623,
        "none": 0.0
      },
      "refusal_rate": {
        "txt_img": 0.48360655737704916,
        "txt_only": 0.3360655737704918,
        "img_only": 0.05737704918032787,
        "none": 0.03278688524590164
      },
      "tail_rate": {
        "txt_img": 0.0,
        "txt_only": 0.1885245901639344,
        "img_only": 0.00819672131147541,
        "none": 0.0
      }
    }
  },
  "risk_threshold_curves": {
    "thresholds": [
      0.0,
      0.05,
      0.1,
      0.15,
      0.2,
      0.25,
      0.3,
      0.35,
      0.4,
      0.45,
      0.5,
      0.55,
      0.6,
      0.65,
      0.7,
      0.75,
      0.8,
      0.85,
      0.9,
      0.95,
      1.0
    ],
    "frac_strict_synergy_risk": [
      0.0,
      0.12857142857142856,
      0.12142857142857143,
      0.13214285714285715,
      0.13214285714285715,
      0.12857142857142856,
      0.12857142857142856,
      0.12857142857142856,
      0.12857142857142856,
      0.12857142857142856,
      0.12857142857142856,
      0.12857142857142856,
      0.12857142857142856,
      0.13214285714285715,
      0.13214285714285715,
      0.12857142857142856,
      0.12857142857142856,
      0.08214285714285714,
      0.07857142857142857,
      0.007142857142857143,
      0.0
    ],
    "frac_textdom_synergy_risk": [
      0.0,
      0.16428571428571428,
      0.16071428571428573,
      0.1392857142857143,
      0.1392857142857143,
      0.1357142857142857,
      0.1357142857142857,
      0.1357142857142857,
      0.1357142857142857,
      0.1357142857142857,
      0.1357142857142857,
      0.1357142857142857,
      0.1357142857142857,
      0.1392857142857143,
      0.1357142857142857,
      0.13214285714285715,
      0.13214285714285715,
      0.08214285714285714,
      0.07857142857142857,
      0.007142857142857143,
      0.0
    ],
    "frac_tail_txtimg": [
      1.0,
      0.8107142857142857,
      0.7107142857142857,
      0.5928571428571429,
      0.5928571428571429,
      0.5785714285714286,
      0.5785714285714286,
      0.5714285714285714,
      0.5678571428571428,
      0.5642857142857143,
      0.5642857142857143,
      0.5642857142857143,
      0.5642857142857143,
      0.5607142857142857,
      0.5464285714285714,
      0.5107142857142857,
      0.5107142857142857,
      0.35,
      0.32857142857142857,
      0.22857142857142856,
      0.0
    ],
    "frac_tail_baseline": [
      1.0,
      0.7892857142857143,
      0.6892857142857143,
      0.5642857142857143,
      0.5642857142857143,
      0.5607142857142857,
      0.5607142857142857,
      0.5607142857142857,
      0.5607142857142857,
      0.5607142857142857,
      0.5535714285714286,
      0.5535714285714286,
      0.5535714285714286,
      0.55,
      0.525,
      0.4857142857142857,
      0.4857142857142857,
      0.375,
      0.35714285714285715,
      0.22142857142857142,
      0.0
    ]
  },
  "ppl_stats": {
    "txt_img": {
      "n": 278,
      "mean": 526.3676319158873,
      "std": 4265.764590409856
    },
    "txt_only": {
      "n": 279,
      "mean": 1294874.9228859106,
      "std": 21581964.1695144
    },
    "img_only": {
      "n": 279,
      "mean": 28.495745144819917,
      "std": 84.35157184567431
    },
    "none": {
      "n": 280,
      "mean": 31.514602594376505,
      "std": 67.27403210718494
    }
  }
}