{
  "model_name": "llama32_11b",
  "n_samples": 280,
  "risk_label_thr": 0.8,
  "coef_asr": {
    "intercept": -3.238997988462232,
    "S": 5.214919183597972,
    "I": -0.11359394435129334,
    "SxI": 2.774185356449934
  },
  "coef_risk": {
    "intercept": -4.071014987260951,
    "S": 4.648079064481123,
    "I": 0.1809406466685301,
    "SxI": 2.8131838636723803
  },
  "coef_refusal": {
    "intercept": -0.6645169053596505,
    "S": -3.952271812464885,
    "I": 3.2999120476640926,
    "SxI": -2.400194929480314
  },
  "ppl_stats_txtimg": {
    "has_ppl": true,
    "n": 280,
    "mean": 19.978958429486934,
    "std": 82.62137038421626,
    "min": 2.068259184278941,
    "max": 1205.6742986723182,
    "by_ASR": {
      "ASR=0": {
        "n": 163,
        "mean": 25.18654251742158,
        "std": 107.4699621360494
      },
      "ASR=1": {
        "n": 117,
        "mean": 12.723948118945497,
        "std": 12.460712580551728
      }
    }
  }
}