{
  "num_samples": 124,
  "global": {
    "phi_max": {
      "mean": -0.021290322580645157,
      "std": 0.18864101314886803,
      "min": -0.8099999999999999,
      "max": 0.6,
      "frac_pos": 0.3225806451612903
    },
    "delta_img": {
      "mean": 0.028629032258064516,
      "std": 0.21533670063646596,
      "min": -0.8099999999999999,
      "max": 0.75
    },
    "delta_txt": {
      "mean": 0.08943548387096774,
      "std": 0.23504393007154123,
      "min": -0.27,
      "max": 0.95
    },
    "ratio": {
      "mean": 1.4408625798945003,
      "std": 2.8855451542123145,
      "min": 0.03333322222259259,
      "max": 25.99870006499675
    },
    "base_single": {
      "mean": 0.1979838709677419,
      "std": 0.2251378783234473,
      "min": 0.01,
      "max": 0.86
    },
    "boost_rate_img": 0.46774193548387094,
    "boost_rate_txt": 0.5483870967741935
  },
  "threshold_curves": {
    "thresholds": [
      0.0,
      0.01,
      0.02,
      0.03,
      0.04,
      0.05,
      0.06,
      0.07,
      0.08,
      0.09,
      0.1,
      0.11,
      0.12,
      0.13,
      0.14,
      0.15,
      0.16,
      0.17,
      0.18,
      0.19,
      0.2,
      0.21,
      0.22,
      0.23,
      0.24,
      0.25,
      0.26,
      0.27,
      0.28,
      0.29,
      0.3,
      0.31,
      0.32,
      0.33,
      0.34,
      0.35,
      0.36,
      0.37,
      0.38,
      0.39,
      0.4,
      0.41,
      0.42,
      0.43,
      0.44,
      0.45,
      0.46,
      0.47,
      0.48,
      0.49,
      0.5
    ],
    "frac_combined": [
      1.0,
      1.0,
      0.8870967741935484,
      0.7903225806451613,
      0.6774193548387096,
      0.6048387096774194,
      0.5241935483870968,
      0.47580645161290325,
      0.4435483870967742,
      0.4032258064516129,
      0.3870967741935484,
      0.3870967741935484,
      0.3225806451612903,
      0.3225806451612903,
      0.31451612903225806,
      0.31451612903225806,
      0.29838709677419356,
      0.27419354838709675,
      0.2661290322580645,
      0.25806451612903225,
      0.25806451612903225,
      0.25,
      0.24193548387096775,
      0.24193548387096775,
      0.24193548387096775,
      0.24193548387096775,
      0.24193548387096775,
      0.24193548387096775,
      0.23387096774193547,
      0.22580645161290322,
      0.21774193548387097,
      0.20967741935483872,
      0.20967741935483872,
      0.20967741935483872,
      0.20967741935483872,
      0.20967741935483872,
      0.1935483870967742,
      0.1935483870967742,
      0.1774193548387097,
      0.1774193548387097,
      0.1774193548387097,
      0.1693548387096774,
      0.1693548387096774,
      0.16129032258064516,
      0.16129032258064516,
      0.14516129032258066,
      0.13709677419354838,
      0.13709677419354838,
      0.13709677419354838,
      0.12903225806451613,
      0.12903225806451613
    ],
    "frac_baseline": [
      1.0,
      1.0,
      0.9919354838709677,
      0.9032258064516129,
      0.8306451612903226,
      0.7419354838709677,
      0.7016129032258065,
      0.6532258064516129,
      0.6209677419354839,
      0.5806451612903226,
      0.5161290322580645,
      0.47580645161290325,
      0.4032258064516129,
      0.3951612903225806,
      0.3951612903225806,
      0.3790322580645161,
      0.3467741935483871,
      0.33064516129032256,
      0.31451612903225806,
      0.3064516129032258,
      0.29838709677419356,
      0.27419354838709675,
      0.27419354838709675,
      0.27419354838709675,
      0.25806451612903225,
      0.25,
      0.24193548387096775,
      0.24193548387096775,
      0.23387096774193547,
      0.23387096774193547,
      0.21774193548387097,
      0.20967741935483872,
      0.20967741935483872,
      0.20967741935483872,
      0.20161290322580644,
      0.20161290322580644,
      0.1935483870967742,
      0.1935483870967742,
      0.1935483870967742,
      0.18548387096774194,
      0.18548387096774194,
      0.18548387096774194,
      0.18548387096774194,
      0.1774193548387097,
      0.1774193548387097,
      0.16129032258064516,
      0.16129032258064516,
      0.1532258064516129,
      0.1532258064516129,
      0.14516129032258066,
      0.12096774193548387
    ],
    "frac_synergy_strict": [
      0.0,
      0.0,
      0.0,
      0.056451612903225805,
      0.08064516129032258,
      0.10483870967741936,
      0.10483870967741936,
      0.10483870967741936,
      0.10483870967741936,
      0.08870967741935484,
      0.0967741935483871,
      0.10483870967741936,
      0.08870967741935484,
      0.08870967741935484,
      0.08064516129032258,
      0.08064516129032258,
      0.08064516129032258,
      0.06451612903225806,
      0.07258064516129033,
      0.07258064516129033,
      0.07258064516129033,
      0.06451612903225806,
      0.06451612903225806,
      0.06451612903225806,
      0.07258064516129033,
      0.08064516129032258,
      0.08870967741935484,
      0.08870967741935484,
      0.08870967741935484,
      0.08064516129032258,
      0.08064516129032258,
      0.08064516129032258,
      0.08064516129032258,
      0.08064516129032258,
      0.08870967741935484,
      0.08870967741935484,
      0.08870967741935484,
      0.08870967741935484,
      0.08064516129032258,
      0.08064516129032258,
      0.08064516129032258,
      0.07258064516129033,
      0.07258064516129033,
      0.06451612903225806,
      0.06451612903225806,
      0.04838709677419355,
      0.04838709677419355,
      0.04838709677419355,
      0.04838709677419355,
      0.04032258064516129,
      0.04838709677419355
    ],
    "frac_synergy_textdom": [
      0.0,
      0.0,
      0.06451612903225806,
      0.20967741935483872,
      0.23387096774193547,
      0.2661290322580645,
      0.25,
      0.23387096774193547,
      0.20161290322580644,
      0.1774193548387097,
      0.18548387096774194,
      0.1935483870967742,
      0.1532258064516129,
      0.1532258064516129,
      0.14516129032258066,
      0.14516129032258066,
      0.13709677419354838,
      0.12096774193548387,
      0.12903225806451613,
      0.12903225806451613,
      0.12903225806451613,
      0.12096774193548387,
      0.11290322580645161,
      0.11290322580645161,
      0.11290322580645161,
      0.12096774193548387,
      0.12903225806451613,
      0.12903225806451613,
      0.12096774193548387,
      0.11290322580645161,
      0.11290322580645161,
      0.11290322580645161,
      0.11290322580645161,
      0.11290322580645161,
      0.12096774193548387,
      0.12096774193548387,
      0.11290322580645161,
      0.11290322580645161,
      0.10483870967741936,
      0.10483870967741936,
      0.10483870967741936,
      0.0967741935483871,
      0.0967741935483871,
      0.08870967741935484,
      0.08870967741935484,
      0.07258064516129033,
      0.07258064516129033,
      0.07258064516129033,
      0.07258064516129033,
      0.06451612903225806,
      0.06451612903225806
    ],