{
  "num_samples": 280,
  "global": {
    "phi_max": {
      "mean": -0.04010714285714286,
      "std": 0.1944120879703204,
      "min": -0.8099999999999999,
      "max": 0.74,
      "frac_pos": 0.2714285714285714
    },
    "delta_img": {
      "mean": 0.0013214285714285717,
      "std": 0.20727148407884016,
      "min": -0.8099999999999999,
      "max": 0.75
    },
    "delta_txt": {
      "mean": 0.056678571428571425,
      "std": 0.20418838528102784,
      "min": -0.42000000000000004,
      "max": 0.95
    },
    "ratio": {
      "mean": 1.2815161842509755,
      "std": 2.4817409997948863,
      "min": 0.03333322222259259,
      "max": 25.99870006499675
    },
    "base_single": {
      "mean": 0.17410714285714285,
      "std": 0.21332718654781946,
      "min": 0.01,
      "max": 0.86
    },
    "boost_rate_img": 0.42142857142857143,
    "boost_rate_txt": 0.4607142857142857
  },
  "threshold_curves": {
    "thresholds": [
      0.0,
      0.01,
      0.02,
      0.03,
      0.04,
      0.05,
      0.06,
      0.07,
      0.08,
      0.09,
      0.1,
      0.11,
      0.12,
      0.13,
      0.14,
      0.15,
      0.16,
      0.17,
      0.18,
      0.19,
      0.2,
      0.21,
      0.22,
      0.23,
      0.24,
      0.25,
      0.26,
      0.27,
      0.28,
      0.29,
      0.3,
      0.31,
      0.32,
      0.33,
      0.34,
      0.35,
      0.36,
      0.37,
      0.38,
      0.39,
      0.4,
      0.41,
      0.42,
      0.43,
      0.44,
      0.45,
      0.46,
      0.47,
      0.48,
      0.49,
      0.5
    ],
    "frac_combined": [
      1.0,
      1.0,
      0.8892857142857142,
      0.6928571428571428,
      0.5928571428571429,
      0.5142857142857142,
      0.4392857142857143,
      0.3821428571428571,
      0.3535714285714286,
      0.325,
      0.3107142857142857,
      0.2892857142857143,
      0.24285714285714285,
      0.24285714285714285,
      0.2392857142857143,
      0.2357142857142857,
      0.225,
      0.20714285714285716,
      0.2,
      0.19285714285714287,
      0.18571428571428572,
      0.17142857142857143,
      0.16428571428571428,
      0.16071428571428573,
      0.16071428571428573,
      0.16071428571428573,
      0.16071428571428573,
      0.16071428571428573,
      0.15714285714285714,
      0.15357142857142858,
      0.14642857142857144,
      0.14285714285714285,
      0.14285714285714285,
      0.14285714285714285,
      0.14285714285714285,
      0.14285714285714285,
      0.1357142857142857,
      0.1357142857142857,
      0.12857142857142856,
      0.12857142857142856,
      0.12857142857142856,
      0.12142857142857143,
      0.11785714285714285,
      0.11428571428571428,
      0.11071428571428571,
      0.09642857142857143,
      0.09285714285714286,
      0.09285714285714286,
      0.09285714285714286,
      0.08571428571428572,
      0.08214285714285714
    ],
    "frac_baseline": [
      1.0,
      1.0,
      0.9857142857142858,
      0.8642857142857143,
      0.775,
      0.6785714285714286,
      0.6178571428571429,
      0.5714285714285714,
      0.5357142857142857,
      0.5,
      0.4642857142857143,
      0.42142857142857143,
      0.3535714285714286,
      0.3357142857142857,
      0.32857142857142857,
      0.3142857142857143,
      0.2857142857142857,
      0.2785714285714286,
      0.2714285714285714,
      0.26785714285714285,
      0.2642857142857143,
      0.24285714285714285,
      0.24285714285714285,
      0.2392857142857143,
      0.23214285714285715,
      0.21785714285714286,
      0.21428571428571427,
      0.21428571428571427,
      0.21071428571428572,
      0.21071428571428572,
      0.19642857142857142,
      0.19285714285714287,
      0.18928571428571428,
      0.18214285714285713,
      0.175,
      0.17142857142857143,
      0.16071428571428573,
      0.16071428571428573,
      0.16071428571428573,
      0.15714285714285714,
      0.15357142857142858,
      0.15357142857142858,
      0.15,
      0.14642857142857144,
      0.1392857142857143,
      0.13214285714285715,
      0.13214285714285715,
      0.125,
      0.125,
      0.12142857142857143,
      0.10714285714285714
    ],
    "frac_synergy_strict": [
      0.0,
      0.0,
      0.007142857142857143,
      0.04285714285714286,
      0.06785714285714285,
      0.08928571428571429,
      0.09642857142857143,
      0.1,
      0.08928571428571429,
      0.08571428571428572,
      0.08571428571428572,
      0.08571428571428572,
      0.07142857142857142,
      0.075,
      0.075,
      0.07857142857142857,
      0.07857142857142857,
      0.06428571428571428,
      0.06428571428571428,
      0.060714285714285714,
      0.05714285714285714,
      0.04285714285714286,
      0.04285714285714286,
      0.04285714285714286,
      0.04642857142857143,
      0.05,
      0.05357142857142857,
      0.05357142857142857,
      0.05357142857142857,
      0.05,
      0.05714285714285714,
      0.05714285714285714,
      0.060714285714285714,
      0.060714285714285714,
      0.06428571428571428,
      0.06428571428571428,
      0.06428571428571428,
      0.06428571428571428,
      0.060714285714285714,
      0.060714285714285714,
      0.060714285714285714,
      0.05714285714285714,
      0.05357142857142857,
      0.05,
      0.05,
      0.039285714285714285,
      0.039285714285714285,
      0.039285714285714285,
      0.039285714285714285,
      0.03214285714285714,
      0.03571428571428571
    ],
    "frac_synergy_textdom": [
      0.0,
      0.0,
      0.075,
      0.14642857142857144,
      0.19285714285714287,
      0.21071428571428572,
      0.19285714285714287,
      0.18214285714285713,
      0.16071428571428573,
      0.15357142857142858,
      0.15,
      0.14642857142857144,
      0.12142857142857143,
      0.12142857142857143,
      0.11785714285714285,
      0.11785714285714285,
      0.11428571428571428,
      0.1,
      0.1,
      0.09642857142857143,
      0.08928571428571429,
      0.075,
      0.07142857142857142,
      0.07142857142857142,
      0.07142857142857142,
      0.075,
      0.07857142857142857,
      0.07857142857142857,
      0.075,
      0.07142857142857142,
      0.075,
      0.075,
      0.07857142857142857,
      0.07857142857142857,
      0.08214285714285714,
      0.08214285714285714,
      0.07857142857142857,
      0.07857142857142857,
      0.075,
      0.075,
      0.075,
      0.06785714285714285,
      0.06428571428571428,
      0.060714285714285714,
      0.060714285714285714,
      0.05,
      0.05,
      0.05,
      0.05,
      0.04285714285714286,
      0.04285714285714286
    ],
    "mean_phi_on_strict": [
      0.0,
      0.0,
      0.035,
      0.07083333333333333,
      0.07894736842105263,
      0.14679999999999999,
      0.15333333333333332,
      0.16392857142857142,
      0.17920000000000003,
      0.1875,
      0.21666666666666667,
      0.21541666666666667,
      0.255,
      0.24523809523809526,
      0.24476190476190474,
      0.265,
      0.26545454545454544,
      0.305,
      0.34833333333333333,
      0.36588235294117644,
      0.379375,
      0.465,
      0.465,
      0.465,
      0.4453846153846154,
      0.425,
      0.4033333333333333,
      0.4033333333333333,
      0.4033333333333333,
      0.42,
      0.399375,
      0.399375,
      0.38176470588235295,
      0.38176470588235295,
      0.3627777777777778,
      0.3627777777777778,
      0.3672222222222222,
      0.3672222222222222,
      0.3864705882352941,
      0.3864705882352941,
      0.3864705882352941,
      0.400625,
      0.42066666666666663,
      0.42428571428571427,
      0.42428571428571427,
      0.4527272727272727,
      0.4527272727272727,
      0.4527272727272727,
      0.4527272727272727,
      0.4977777777777778,
      0.47400000000000003
    ]
  }
}