{
  "total_ids": 124,
  "asr_rate": {
    "txt_img": 0.9838709677419355,
    "txt_only": 0.6612903225806451,
    "img_only": 0.0967741935483871,
    "none": 0.0
  },
  "refusal_rate": {
    "txt_img": 0.016129032258064516,
    "txt_only": 0.1693548387096774,
    "img_only": 0.25,
    "none": 0.056451612903225805
  },
  "tail_rate": {
    "txt_img": 0.8709677419354839,
    "txt_only": 0.6048387096774194,
    "img_only": 0.08064516129032258,
    "none": 0.0
  },
  "strict_synergy_asr_rate": 0.23387096774193547,
  "textdom_synergy_asr_rate": 0.33064516129032256,
  "tail_hi": 0.8,
  "risk_threshold_curves": {
    "thresholds": [
      0.0,
      0.05,
      0.1,
      0.15,
      0.2,
      0.25,
      0.3,
      0.35,
      0.4,
      0.45,
      0.5,
      0.55,
      0.6,
      0.65,
      0.7,
      0.75,
      0.8,
      0.85,
      0.9,
      0.95,
      1.0
    ],
    "frac_strict_synergy_risk": [
      0.0,
      0.0967741935483871,
      0.13709677419354838,
      0.21774193548387097,
      0.21774193548387097,
      0.22580645161290322,
      0.22580645161290322,
      0.22580645161290322,
      0.22580645161290322,
      0.22580645161290322,
      0.22580645161290322,
      0.22580645161290322,
      0.22580645161290322,
      0.22580645161290322,
      0.21774193548387097,
      0.20967741935483872,
      0.20967741935483872,
      0.24193548387096775,
      0.20161290322580644,
      0.0,
      0.0
    ],
    "frac_textdom_synergy_risk": [
      0.0,
      0.18548387096774194,
      0.2661290322580645,
      0.33064516129032256,
      0.33064516129032256,
      0.33064516129032256,
      0.33064516129032256,
      0.33064516129032256,
      0.33064516129032256,
      0.3225806451612903,
      0.3225806451612903,
      0.3225806451612903,
      0.3225806451612903,
      0.3225806451612903,
      0.3064516129032258,
      0.2903225806451613,
      0.2903225806451613,
      0.28225806451612906,
      0.24193548387096775,
      0.0,
      0.0
    ],
    "frac_tail_txtimg": [
      1.0,
      1.0,
      1.0,
      0.9838709677419355,
      0.9838709677419355,
      0.9838709677419355,
      0.9838709677419355,
      0.9838709677419355,
      0.9838709677419355,
      0.9758064516129032,
      0.9758064516129032,
      0.9758064516129032,
      0.9758064516129032,
      0.9758064516129032,
      0.9274193548387096,
      0.8709677419354839,
      0.8709677419354839,
      0.6532258064516129,
      0.6129032258064516,
      0.31451612903225806,
      0.0
    ],
    "frac_tail_baseline": [
      1.0,
      0.9032258064516129,
      0.8629032258064516,
      0.7741935483870968,
      0.7741935483870968,
      0.7661290322580645,
      0.7661290322580645,
      0.7661290322580645,
      0.7661290322580645,
      0.7580645161290323,
      0.7580645161290323,
      0.7580645161290323,
      0.7580645161290323,
      0.7580645161290323,
      0.717741935483871,
      0.6854838709677419,
      0.6854838709677419,
      0.5161290322580645,
      0.5,
      0.33064516129032256,
      0.0
    ]
  }
}