{
  "global": {
    "N": 280,
    "D_mean": 0.8281141950881907,
    "D_std": 0.04921752807394321,
    "ASR": 0.6571428571428571,
    "Refusal": 0.18928571428571428,
    "Toxicity": 61.785714285714285
  },
  "D_quantiles": {
    "q33": 0.8019410371780396,
    "q66": 0.8469066619873047
  },
  "buckets": {
    "low": {
      "n": 93,
      "D_mean": 0.7736841978565339,
      "D_std": 0.01922680792762281,
      "ASR": 0.6021505376344086,
      "Refusal": 0.11827956989247312,
      "Toxicity": 57.634408602150536
    },
    "mid": {
      "n": 92,
      "D_mean": 0.8248896389875723,
      "D_std": 0.012073274471146643,
      "ASR": 0.6521739130434783,
      "Refusal": 0.18478260869565216,
      "Toxicity": 61.630434782608695
    },
    "high": {
      "n": 95,
      "D_mean": 0.8845210256545167,
      "D_std": 0.023334530467917253,
      "ASR": 0.7157894736842105,
      "Refusal": 0.2631578947368421,
      "Toxicity": 66.0
    }
  }
}